x,l,abs_err_forward,rel_err_forward,abs_err_back,rel_err_back,rel_err_sph_forward,rel_err_sph_back
0.1,0,0.000000000000000e+00,0.000000000000000e+00,0.000000000000000e+00,0.000000000000000e+00,1.354797312626351e-17,1.354797312626351e-17
0.1,1,0.000000000000000e+00,0.000000000000000e+00,5.516985371805642e-01,5.516985371805642e+00,6.018999741555270e-17,5.516985371805641e+00
0.1,2,1.165517335421917e-17,2.403128526643128e-17,8.275478057708462e-02,1.706284135609992e-01,5.705771040659975e-17,1.706284135609994e-01
0.1,3,1.568027391957161e-17,1.063069418276041e-16,3.540065613575287e-01,2.400044483779855e+00,3.440851977837903e-17,2.400044483779855e+00
0.1,4,5.854691731421724e-18,1.732477671587712e-17,1.240172336703810e-01,3.669827517525609e-01,4.947298049877244e-17,3.669827517525609e-01
0.1,5,4.336808689942018e-19,2.425118270939107e-18,2.608821470253544e-01,1.458837838017401e+00,3.304849583333540e-17,1.458837838017401e+00
0.1,6,1.034057822008050e-17,4.155691351709417e-17,1.511760883466324e-01,6.075493551292614e-01,3.020168032491149e-17,6.075493551292612e-01
0.1,7,3.469446951953614e-18,1.739132666417237e-17,1.955377096145006e-01,9.801735637303740e-01,1.254796248671809e-16,9.801735637303740e-01
0.1,8,1.630369016875077e-17,9.041495638738062e-17,1.689423978560223e-01,9.368995225025281e-01,1.260701851135298e-16,9.368995225025280e-01
0.1,9,7.128629284092192e-18,3.372301815838825e-17,1.418999556178629e-01,6.712783887716319e-01,1.147074181159189e-16,6.712783887716319e-01
0.1,10,3.272935308190617e-17,2.679988027198176e-16,1.790091496378139e-01,1.465786312939638e+00,2.798521214381550e-16,1.465786312939638e+00
0.1,11,4.391018798566293e-18,2.037734204249269e-17,9.482548563083818e-02,4.400553592883673e-01,2.882273764346508e-18,4.400553592883674e-01
0.1,12,3.456572051155349e-17,4.892768061003288e-16,1.822666052472402e-01,2.579978694334213e+00,4.958169062243605e-16,2.579978694334213e+00
0.1,13,2.520770051028798e-18,1.186270213920330e-17,5.247994726553520e-02,2.469697632428070e-01,2.784669804148686e-18,2.469697632428070e-01
0.1,14,3.576003696718205e-17,1.452531699237233e-15,1.793686947022191e-01,7.285750715103625e+00,1.370850896557153e-15,7.285750715103626e+00
0.1,15,1.610040226140974e-17,7.927766014644635e-17,1.430333647207051e-02,7.042898862911949e-02,7.460758452720090e-17,7.042898862911937e-02
0.1,16,3.606666289408811e-17,2.217026597488400e-15,1.709294227247941e-01,1.050707345969409e+01,2.297179612399687e-15,1.050707345969409e+01
0.1,17,5.326143172335041e-18,2.833289127116110e-17,1.971845361404074e-02,1.048940639042412e-01,7.447431475876287e-17,1.048940639042412e-01
0.1,18,3.287504274883390e-17,6.332256789625059e-16,1.575991999262420e-01,3.035611577441435e+00,6.063164646031923e-16,3.035611577441436e+00
0.1,19,7.196391919872536e-18,4.284065744316304e-17,4.937101077788570e-02,2.939093067620996e-01,2.866873746761611e-17,2.939093067620996e-01
0.1,20,2.713893563002778e-17,3.306516116940025e-16,1.400918928282422e-01,1.706832234705232e+00,3.842116354002926e-16,1.706832234705232e+00
0.1,21,5.814034149953518e-18,4.038736006129511e-17,7.437128457873845e-02,5.166223264317372e-01,2.819477563752259e-17,5.166223264317372e-01
0.1,22,2.812827011242081e-17,2.641564889334820e-16,1.191878738956596e-01,1.119309867471065e+00,3.747557703204695e-16,1.119309867471065e+00
0.1,23,2.968003447179068e-18,2.539705368358100e-17,9.445711709837889e-02,8.082647195116587e-01,4.197524746349651e-19,8.082647195116588e-01
0.1,24,3.667313848432219e-17,2.935437735331971e-16,9.572386038490791e-02,7.662050305992547e-01,3.250525234008475e-16,7.662050305992547e-01
0.1,25,2.378468515890075e-18,2.711965270736384e-17,1.094407090498857e-01,1.247859284935652e+00,1.211180797784505e-16,1.247859284935652e+00
0.1,26,2.233456475320139e-17,1.626335909581673e-16,7.057495744108772e-02,5.139056385112099e-01,8.265107148285887e-18,5.139056385112099e-01
0.1,27,1.358640847395898e-18,2.362975678635516e-17,1.192409522123997e-01,2.073862791003932e+00,3.002587490786809e-17,2.073862791003932e+00
0.1,28,2.736255232810292e-17,1.903879599113690e-16,4.463209334789894e-02,3.105489976661617e-01,3.561580192779691e-16,3.105489976661616e-01
0.1,29,1.018133602599669e-18,3.734082277932495e-17,1.239017101389730e-01,4.544189277852427e+00,7.575671783493238e-17,4.544189277852427e+00
0.1,30,1.746920750417269e-17,1.210687656431260e-16,1.877702057563761e-02,1.301324460771917e-01,1.687310470877075e-16,1.301324460771917e-01
0.1,31,2.638719388933959e-18,1.315120298830077e-15,1.235997138606638e-01,6.160128026853881e+01,1.271524683504318e-15,6.160128026853881e+01
0.1,32,1.791644090032296e-17,1.285369444227630e-16,6.143454983669268e-03,4.407465389989419e-02,1.777580409002211e-16,4.407465389989425e-02
0.1,33,1.829591166069289e-18,6.222939264657549e-17,1.186441935196179e-01,4.035413069702690e+00,7.536093541090116e-17,4.035413069702690e+00
0.1,34,2.618348246552493e-17,2.021981551959041e-16,2.934265032478020e-02,2.265943719305066e-01,2.493103369065022e-16,2.265943719305065e-01
0.1,35,6.159623592433272e-18,1.138781820343267e-16,1.094696654978865e-01,2.023858488710115e+00,1.534771657317854e-16,2.023858488710115e+00
0.1,36,9.337691210531407e-18,8.103563646642810e-17,5.011742740006393e-02,4.349359532090434e-01,1.466862154476577e-16,4.349359532090435e-01
0.1,37,7.020209066843641e-18,9.315296830516648e-17,9.662299291630938e-02,1.282115462799188e+00,9.723979987392667e-17,1.282115462799188e+00
0.1,38,3.970890456728160e-18,4.080116067661513e-17,6.786887528091276e-02,6.973571584141143e-01,7.150065451342098e-17,6.973571584141143e-01
0.1,39,7.697835424647081e-18,8.308973009034879e-17,8.074572797837765e-02,8.715619876973031e-01,1.151695174517323e-16,8.715619876973031e-01
0.1,40,1.127570259384925e-17,1.472167096886294e-16,8.211943467461956e-02,1.072159616987630e+00,1.769533969415948e-16,1.072159616987630e+00
0.1,41,1.410818076946763e-17,1.337053937403347e-16,6.255272434806555e-02,5.928217659777216e-01,2.724707773291484e-16,5.928217659777215e-01
0.1,42,7.921452122722217e-18,1.469200283838082e-16,9.252581985115107e-02,1.716086377619193e+00,1.237091796210927e-16,1.716086377619193e+00
0.1,43,3.202462166979059e-17,2.816069336117685e-16,4.280802218334811e-02,3.764302350028685e-01,2.731129164043445e-16,3.764302350028685e-01
0.1,44,1.251914696041856e-18,4.144639194499368e-17,9.888727378624144e-02,3.273801897744824e+00,4.948234951103403e-17,3.273801897744824e+00
0.1,45,2.545164599909722e-17,2.172237679271946e-16,2.229902754155039e-02,1.903169163935282e-01,3.198789459127483e-16,1.903169163935281e-01
0.1,46,4.228388472693467e-18,6.637834646911532e-16,1.011488798045429e-01,1.587861529750127e+01,8.089344085382581e-16,1.587861529750127e+01
0.1,47,2.479434843202788e-17,2.138634668839697e-16,1.810014568703600e-03,1.561226711944635e-02,1.854526226980492e-16,1.561226711944631e-02
0.1,48,7.575862680242462e-18,4.534237754501221e-16,9.939984352533753e-02,5.949190769778771e+00,4.990920486589815e-16,5.949190769778771e+00
0.1,49,2.916503843986007e-17,2.645070601634224e-16,1.790403638567351e-02,1.623774314304030e-01,2.323536943325175e-16,1.623774314304029e-01
0.1,50,1.300026167445900e-17,3.402692095494347e-16,9.386684745046742e-02,2.456873467987104e+00,2.619437584979424e-16,2.456873467987104e+00
0.5,0,0.000000000000000e+00,0.000000000000000e+00,0.000000000000000e+00,0.000000000000000e+00,1.354797312626351e-17,1.354797312626351e-17
0.5,1,0.000000000000000e+00,0.000000000000000e+00,1.876277648892646e-01,3.752555297785292e-01,2.108036775844242e-18,3.752555297785291e-01
0.5,2,0.000000000000000e+00,0.000000000000000e+00,1.407208236669485e-01,1.125766589335588e+00,1.243565710397505e-16,1.125766589335588e+00
0.5,3,0.000000000000000e+00,0.000000000000000e+00,7.817823537052737e-03,1.786931094183483e-02,2.423879289514598e-17,1.786931094183487e-02
0.5,4,0.000000000000000e+00,0.000000000000000e+00,1.123812133451325e-01,3.887782515723503e-01,9.456833225340467e-17,3.887782515723505e-01
0.5,5,0.000000000000000e+00,0.000000000000000e+00,9.488883318097711e-02,1.056153969318702e+00,9.988086978179248e-17,1.056153969318702e+00
0.5,6,0.000000000000000e+00,0.000000000000000e+00,6.669580705048028e-03,2.063338562528453e-02,3.957279615365802e-18,2.063338562528452e-02
0.5,7,0.000000000000000e+00,0.000000000000000e+00,8.752646766695360e-02,3.922411505074857e-01,7.549064061857883e-17,3.922411505074859e-01
0.5,8,0.000000000000000e+00,0.000000000000000e+00,7.622018032085196e-02,1.035052991609481e+00,4.106111447312868e-17,1.035052991609481e+00
0.5,9,0.000000000000000e+00,0.000000000000000e+00,5.815578734265248e-03,2.170813737704661e-02,3.102054224325246e-17,2.170813737704667e-02
0.5,10,0.000000000000000e+00,0.000000000000000e+00,7.412296208631874e-02,3.937922253036082e-01,6.739308117101223e-17,3.937922253036082e-01
0.5,11,0.000000000000000e+00,0.000000000000000e+00,6.546684677851767e-02,1.024979310294009e+00,5.222749656279477e-17,1.024979310294009e+00
0.5,12,0.000000000000000e+00,0.000000000000000e+00,5.206987083046066e-03,2.227559792618598e-02,6.872810300489038e-17,2.227559792618588e-02
0.5,13,0.000000000000000e+00,0.000000000000000e+00,6.543765383694522e-02,3.946680929792923e-01,1.153182830694938e-16,3.946680929792923e-01
0.5,14,0.000000000000000e+00,0.000000000000000e+00,5.826553533708298e-02,1.019097888643128e+00,8.324627393015625e-17,1.019097888643128e+00
0.5,15,0.000000000000000e+00,0.000000000000000e+00,4.751792755301992e-03,2.262559126833021e-02,1.312265554791029e-16,2.262559126833027e-02
0.5,16,0.000000000000000e+00,0.000000000000000e+00,5.922723861021409e-02,3.952299560688072e-01,8.231683008051463e-17,3.952299560688073e-01
0.5,17,0.000000000000000e+00,0.000000000000000e+00,5.301298546962945e-02,1.015246915166792e+00,1.959526572251538e-17,1.015246915166792e+00
0.5,18,0.000000000000000e+00,0.000000000000000e+00,4.396433925284660e-03,2.286282006105915e-02,1.108963796128051e-17,2.286282006105915e-02
0.5,19,0.000000000000000e+00,0.000000000000000e+00,5.450356663532085e-02,3.956207471033158e-01,2.652410022189942e-17,3.956207471033158e-01
0.5,20,0.000000000000000e+00,0.000000000000000e+00,4.896436524041741e-02,1.012531109596072e+00,4.158113413631660e-17,1.012531109596072e+00
0.5,21,0.000000000000000e+00,0.000000000000000e+00,4.109611679898095e-03,2.303415064140745e-02,8.483844960334108e-17,2.303415064140744e-02
0.5,22,0.000000000000000e+00,0.000000000000000e+00,5.075492368938977e-02,3.959081794056659e-01,9.670130262619364e-17,3.959081794056660e-01
0.5,23,0.000000000000000e+00,0.000000000000000e+00,4.572062287189179e-02,1.010513553802236e+00,7.744195323847918e-19,1.010513553802236e+00
0.5,24,0.000000000000000e+00,0.000000000000000e+00,3.872025306937837e-03,2.316366438225742e-02,7.907742841080468e-17,2.316366438225745e-02
0.5,25,0.000000000000000e+00,0.000000000000000e+00,4.768638275781517e-02,3.961284294244957e-01,1.131077257160230e-16,3.961284294244956e-01
0.5,26,0.000000000000000e+00,0.000000000000000e+00,4.304623567887849e-02,1.008955869253661e+00,9.025372506162798e-17,1.008955869253661e+00
0.5,27,0.000000000000000e+00,0.000000000000000e+00,3.671137267144992e-03,2.326499282519281e-02,1.045212445325519e-16,2.326499282519283e-02
0.5,28,0.000000000000000e+00,0.000000000000000e+00,4.511445136343598e-02,3.963025679280836e-01,1.341560424365323e-16,3.963025679280839e-01
0.5,29,0.000000000000000e+00,0.000000000000000e+00,4.079206966820226e-02,1.007717023698771e+00,1.522715244328001e-16,1.007717023698771e+00
0.5,30,1.387778780781446e-17,9.261192901004311e-17,3.498434477589199e-03,2.334642739690389e-02,8.464389679877208e-17,2.334642739690395e-02
0.5,31,2.081668171172169e-17,1.922876848707084e-16,4.291820456814643e-02,3.964436940287823e-01,2.550646031442699e-16,3.964436940287823e-01
0.5,32,3.794707603699266e-18,9.830960041373384e-17,3.885849922160461e-02,1.006708271127202e+00,8.205204737246053e-17,1.006708271127202e+00
0.5,33,1.750986508564090e-17,1.224533026029513e-16,3.347918832682890e-03,2.341329964014580e-02,6.395035696475465e-17,2.341329964014577e-02
0.5,34,9.283481101907132e-18,8.976044799497867e-17,4.101428691787734e-02,3.965603772476006e-01,8.483213700031599e-17,3.965603772476005e-01
0.5,35,1.121471622164694e-18,3.034357104577935e-17,3.717610452444426e-02,1.005870988215815e+00,7.281426065972922e-17,1.005870988215815e+00
0.5,36,1.543632843076237e-17,1.126756132660225e-16,3.215231430775971e-03,2.346919313616737e-02,2.418312643947850e-16,2.346919313616737e-02
0.5,37,2.013905535391824e-17,2.030424931706596e-16,3.934312730008960e-02,3.966584586891574e-01,1.541422313965002e-16,3.966584586891573e-01
0.5,38,1.014067844452848e-17,2.855610389491148e-16,3.569483449512237e-02,1.005164898907097e+00,2.812908885929931e-16,1.005164898907097e+00
0.5,39,1.070649645329436e-18,8.129500628578422e-18,3.097120752338313e-03,2.351660528049807e-02,1.567803129329261e-17,2.351660528049817e-02
0.5,40,6.091860956652928e-18,6.383628847643937e-17,3.786087037567839e-02,3.967420564041907e-01,1.076230815224346e-16,3.967420564041907e-01
0.5,41,8.399178704973642e-18,2.454359219945183e-16,3.437757122247421e-02,1.004561420264085e+00,4.069638919453780e-16,1.004561420264085e+00
0.5,42,5.326143172335041e-18,4.194758827231866e-17,2.991106658812725e-03,2.355732967415888e-02,6.311989254649777e-17,2.355732967415885e-02
0.5,43,1.262417904587809e-17,1.371159875548630e-16,3.653441917077810e-02,3.968141568762199e-01,2.853124469805699e-17,3.968141568762200e-01
0.5,44,2.446231151670419e-17,7.398794172037630e-16,3.319612835454318e-02,1.004039707515336e+00,7.183766538806319e-16,1.004039707515336e+00
0.5,45,2.078957665740955e-17,1.694085743364647e-16,2.895260705268098e-03,2.359268764797307e-02,3.146031587477481e-16,2.359268764797319e-02
0.5,46,6.891460058860988e-18,7.739661054704001e-17,3.533826387052482e-02,3.968769785843600e-01,5.913838083521467e-17,3.968769785843599e-01
0.5,47,5.112690869626957e-18,1.597021136942399e-16,3.212866547951217e-02,1.003584202153735e+00,1.912256478447550e-16,1.003584202153735e+00
0.5,48,1.881768395620154e-17,1.583096955721693e-16,2.808058159121626e-03,2.362367405862333e-02,1.039889768259397e-16,2.362367405862340e-02
0.5,49,1.460284801066414e-17,1.692244494440728e-16,3.425238293334658e-02,3.969322038968144e-01,8.952681789307710e-17,3.969322038968144e-01
0.5,50,5.368494819697756e-18,1.728477306531571e-16,3.115796210807393e-02,1.003183056523997e+00,1.733061862821705e-16,1.003183056523997e+00
0.9,0,0.000000000000000e+00,0.000000000000000e+00,0.000000000000000e+00,0.000000000000000e+00,1.354797312626351e-17,1.354797312626351e-17
0.9,1,0.000000000000000e+00,0.000000000000000e+00,2.520403875403430e-01,2.800448750448255e-01,2.792224150460356e-17,2.800448750448255e-01
0.9,2,1.994931997373328e-17,2.790114681641018e-17,3.402545231794630e-01,4.758804519992488e-01,1.131055169348739e-16,4.758804519992488e-01
0.9,3,4.046784608802145e-17,8.564623510692369e-17,3.423548597422992e-01,7.245605497191515e-01,1.302789001689258e-16,7.245605497191515e-01
0.9,4,5.285485590866834e-17,2.541862622599017e-16,2.840180117095240e-01,1.365881631305194e+00,2.287323513825353e-16,1.365881631305194e+00
0.9,5,1.404685558408642e-16,3.414299658879218e-15,1.862252911755895e-01,4.526485976376269e+00,3.444390224675375e-15,4.526485976376269e+00
0.9,6,1.565587937069068e-16,6.491789439488768e-16,7.059005401511946e-02,2.927052236019353e-01,6.269888646968553e-16,2.927052236019353e-01
0.9,7,1.801130859041544e-16,4.896706014126166e-16,4.163544501094844e-02,1.131936266387783e-01,6.497929424143133e-16,1.131936266387781e-01
0.9,8,1.724423555338195e-16,4.209135683069523e-16,1.320261107192050e-01,3.222617853976752e-01,3.926039702404544e-16,3.222617853976752e-01
0.9,9,1.935842978972868e-16,5.238939224841526e-16,1.874351037684721e-01,5.072524620596580e-01,5.111893401460769e-16,5.072524620596581e-01
0.9,10,2.402049913141635e-16,9.128215520797235e-16,2.016905277968028e-01,7.664597626219284e-01,1.047632878643854e-15,7.664597626219284e-01
0.9,11,2.853620117981848e-16,2.455500227749400e-15,1.761454488795319e-01,1.515706968545637e+00,2.459273853462821e-15,1.515706968545637e+00
0.9,12,2.383245781712590e-16,5.848640439989550e-15,1.189679155034567e-01,2.919550165634941e+00,5.865019677540819e-15,2.919550165634941e+00
0.9,13,1.478851763270228e-16,8.317477078271839e-16,4.331020863641482e-02,2.435887602364963e-01,1.001328051011066e-15,2.435887602364962e-01
0.9,14,3.041187093821840e-17,1.123150826481497e-16,3.529605940571834e-02,1.303530400139036e-01,5.798742573431512e-18,1.303530400139035e-01
0.9,15,9.603320742790356e-17,3.146591769978732e-16,1.018380047599371e-01,3.336789806684772e-01,3.492212178257892e-16,3.336789806684773e-01
0.9,16,2.640032290002203e-16,9.484963022803632e-16,1.444899651072793e-01,5.191156113501883e-01,9.726069107180929e-16,5.191156113501882e-01
0.9,17,3.516609746456734e-16,1.766880084987605e-15,1.565849345604237e-01,7.867429781273397e-01,1.752089810306278e-15,7.867429781273397e-01
0.9,18,3.759742083636608e-16,4.401173391790869e-15,1.375608906571999e-01,1.610294850666779e+00,4.476716231646312e-15,1.610294850666779e+00
0.9,19,3.391824852667230e-16,8.734168354369474e-15,9.274993877879639e-02,2.388370907520287e+00,8.803098475960115e-15,2.388370907520287e+00
0.9,20,2.452194263619090e-16,1.642370401425099e-15,3.209329643244771e-02,2.149465926366811e-01,1.737899866403072e-15,2.149465926366811e-01
0.9,21,1.262282379316249e-16,5.600904655026208e-16,3.194076843898132e-02,1.417251809630025e-01,5.709086499243055e-16,1.417251809630024e-01
0.9,22,2.734899980094685e-17,1.077042406861927e-16,8.682122562136263e-02,3.419143021336282e-01,2.036891053287387e-16,3.419143021336282e-01
0.9,23,1.687018580387445e-16,7.285459483624376e-16,1.223288144351130e-01,5.282820424195567e-01,7.612379434211030e-16,5.282820424195567e-01
0.9,24,3.182133376244956e-16,1.931171715942870e-15,1.324008608880808e-01,8.035137672804625e-01,1.982357132762606e-15,8.035137672804625e-01
0.9,25,3.886458212545851e-16,5.684454154594657e-15,1.161194567488660e-01,1.698399139387578e+00,5.683516407275600e-15,1.698399139387578e+00
0.9,26,3.648272547777942e-16,9.666730955684232e-15,7.768698240657425e-02,2.058451357042191e+00,9.676598422657256e-15,2.058451357042191e+00
0.9,27,2.695868701885207e-16,2.034424305782360e-15,2.542826612307687e-02,1.918931831454326e-01,2.009126862614041e-15,1.918931831454327e-01
0.9,28,1.174462003344923e-16,5.935501269958261e-16,2.995890542447142e-02,1.514064488140669e-01,4.599419216986363e-16,1.514064488140668e-01
0.9,29,7.204523436166177e-17,3.244063560076691e-16,7.754769999039774e-02,3.491829403229472e-01,3.686010728020401e-16,3.491829403229472e-01
0.9,30,2.378332990618515e-16,1.178487057619199e-15,1.082991537393484e-01,5.366328076698056e-01,1.223277264831230e-15,5.366328076698056e-01
0.9,31,3.366447745567491e-16,2.362686026378960e-15,1.167481464702675e-01,8.193776797341800e-01,2.426992901253258e-15,8.193776797341800e-01
0.9,32,3.615949770510718e-16,6.348455900403631e-15,1.019483168420115e-01,1.789887677285059e+00,6.334106603952451e-15,1.789887677285059e+00
0.9,33,3.163837464584263e-16,8.506006531264276e-15,6.751623782451862e-02,1.815180350856650e+00,8.568468270228863e-15,1.815180350856650e+00
0.9,34,2.159730727591125e-16,1.781225261787759e-15,2.079219661859098e-02,1.714824232111576e-01,1.794480331365576e-15,1.714824232111576e-01
0.9,35,7.855044739657480e-17,4.388316557853165e-16,2.869590502911811e-02,1.603131737061907e-01,4.031906207163712e-16,1.603131737061906e-01
0.9,36,5.469799960189370e-17,2.737067348869182e-16,7.114986702809256e-02,3.560312613557333e-01,2.947069635773525e-16,3.560312613557332e-01
0.9,37,2.005774019098183e-16,1.110047158421830e-15,9.841874818101159e-02,5.446747774850793e-01,1.127467399169249e-15,5.446747774850793e-01
0.9,38,2.845082025873524e-16,2.251129733446713e-15,1.055452742678647e-01,8.351116170586660e-01,2.286154624578543e-15,8.351116170586660e-01
0.9,39,3.029633564421291e-16,6.244577549935948e-15,9.165064297139956e-02,1.889071847689669e+00,6.282026591789636e-15,1.889071847689669e+00
0.9,40,2.763258643168759e-16,7.470806996182327e-15,6.000237547049463e-02,1.622237453452718e+00,7.394632918131792e-15,1.622237453452718e+00
0.9,41,1.808313698434261e-16,1.598886141417862e-15,1.727188909617261e-02,1.527156717105443e-01,1.571209382956430e-15,1.527156717105444e-01
0.9,42,3.721523957056494e-17,2.254830714136169e-16,2.785445901919488e-02,1.687671245620693e-01,2.100202246658166e-16,1.687671245620692e-01
0.9,43,8.737314257517559e-17,4.770279641460779e-16,6.642524318622461e-02,3.626594808326794e-01,5.774375632229588e-16,3.626594808326794e-01
0.9,44,1.588220657419703e-16,9.646128403776121e-16,9.098533644672745e-02,5.526034648433457e-01,9.659890625415082e-16,5.526034648433457e-01
0.9,45,2.092239142353902e-16,1.835569097504704e-15,9.700477220419969e-02,8.510449812547935e-01,1.919613231149556e-15,8.510449812547935e-01
0.9,46,2.282686030214559e-16,5.451797350583208e-15,8.370327616133085e-02,1.999106724145438e+00,5.326775107133373e-15,1.999106724145438e+00
0.9,47,2.089359230333238e-16,5.647966898322068e-15,5.412222751723844e-02,1.463034910622166e+00,5.578059775635073e-15,1.463034910622166e+00
0.9,48,1.551967647277219e-16,1.451902021783838e-15,1.444575985711119e-02,1.351434611381245e-01,1.514428961343570e-15,1.351434611381244e-01
0.9,49,7.359022245745361e-17,4.772258472294759e-16,2.728065480207425e-02,1.769125457994334e-01,5.424499054324336e-16,1.769125457994334e-01
0.9,50,5.815389402669124e-17,3.420059653014479e-16,6.277097151726529e-02,3.691592294201088e-01,3.401206433492006e-16,3.691592294201089e-01
0.99,0,0.000000000000000e+00,0.000000000000000e+00,1.110223024625157e-16,1.110223024625157e-16,1.354797312626351e-17,2.103298806623463e-16
0.99,1,0.000000000000000e+00,0.000000000000000e+00,1.951264633370410e-01,1.970974377141828e-01,2.712094097577387e-17,1.970974377141828e-01
0.99,2,1.278274361360410e-16,1.317604866629294e-16,2.897627980555060e-01,2.986783467046395e-01,3.942042755283854e-17,2.986783467046394e-01
0.99,3,2.113652135260491e-16,2.246779433653016e-16,3.480243079002242e-01,3.699444408836847e-01,1.344193799496553e-16,3.699444408836848e-01
0.99,4,2.993482198232478e-16,3.317861031470334e-16,3.856300148955088e-01,4.274175405962337e-01,3.375949860836045e-16,4.274175405962337e-01
0.99,5,3.956795828485848e-16,4.626855177044916e-16,4.087732402236173e-01,4.779965064535130e-01,4.228490063993659e-16,4.779965064535130e-01
0.99,6,2.931140573314561e-16,3.662589054301141e-16,4.205650852596081e-01,5.255145699652394e-01,4.502065149541266e-16,5.255145699652395e-01
0.99,7,2.857414825585547e-16,3.869831847836296e-16,4.228618865642075e-01,5.726870250723832e-01,2.405027679816165e-16,5.726870250723831e-01
0.99,8,2.935477382004503e-16,4.378914635956090e-16,4.169429273326531e-01,6.219627165407095e-01,4.829985069143963e-16,6.219627165407095e-01
0.99,9,4.504860026677271e-16,7.542727139651005e-16,4.038060416105435e-01,6.761139682862539e-01,7.310820764989705e-16,6.761139682862539e-01
0.99,10,6.705790436822845e-16,1.289354300721006e-15,3.843105296700445e-01,7.389321794511820e-01,1.195343048529747e-15,7.389321794511819e-01
0.99,11,9.146058476544594e-16,2.078565502687880e-15,3.592504996122537e-01,8.164453542828549e-01,2.172899668309003e-15,8.164453542828549e-01
0.99,12,1.081410351891354e-15,3.019134820607446e-15,3.293931708167105e-01,9.196161197677712e-01,3.173237463212263e-15,9.196161197677713e-01
0.99,13,1.182837465127373e-15,4.289375674848338e-15,2.954980755666570e-01,1.071577705871554e+00,4.394361357837639e-15,1.071577705871554e+00
0.99,14,1.264369468498283e-15,6.520613484800866e-15,2.583251670913932e-01,1.332236035405234e+00,6.373319646737806e-15,1.332236035405234e+00
0.99,15,1.297369872123311e-15,1.140491038699975e-14,2.186361659507135e-01,1.921985344043886e+00,1.138181006872971e-14,1.921985344043886e+00
0.99,16,1.279385668587207e-15,3.513584943419563e-14,1.771916516660311e-01,4.866225522761308e+00,3.507383699625927e-14,4.866225522761308e+00
0.99,17,1.238457036575880e-15,3.339280502132958e-14,1.347454473363424e-01,3.633172825158907e+00,3.343254834433382e-14,3.633172825158907e+00
0.99,18,1.173472668862530e-15,1.109319165210110e-14,9.203731510454092e-02,8.700565447247741e-01,1.112193807005295e-14,8.700565447247740e-01
0.99,19,1.092726712066672e-15,6.473376859891931e-15,4.978467369606161e-02,2.949273145083438e-01,6.530407045542988e-15,2.949273145083437e-01
0.99,20,9.940643143704908e-16,4.410603081779147e-15,8.673863220933048e-03,3.848540511929052e-02,4.403232012562689e-15,3.848540511929054e-02
0.99,21,8.532128996374677e-16,3.104132816619270e-15,3.064863646588387e-02,1.115049224862966e-01,3.202296202096161e-15,1.115049224862966e-01
0.99,22,6.641822508646200e-16,2.097031917487825e-15,6.758470827237592e-02,2.133861454394149e-01,2.087619518004660e-15,2.133861454394149e-01
0.99,23,4.324340364958434e-16,1.233518902330750e-15,1.015925544036914e-01,2.897929524893516e-01,1.264936426332886e-15,2.897929524893516e-01
0.99,24,2.242130092700023e-16,5.960916723074855e-16,1.321938860891297e-01,3.514500558386524e-01,6.801563048708653e-16,3.514500558386523e-01
0.99,25,7.125918778660978e-17,1.811770599947227e-16,1.589801643398036e-01,4.042083507717992e-01,8.052651872542814e-17,4.042083507717992e-01
0.99,26,4.602438222200966e-17,1.144569495707301e-16,1.816177440495554e-01,4.516608799126656e-01,1.820991551581783e-16,4.516608799126656e-01
0.99,27,1.442259939948842e-16,3.581562571571780e-16,1.998518058313065e-01,4.962917763990778e-01,3.654948000822754e-16,4.962917763990778e-01
0.99,28,1.544717045248722e-16,3.907325143663242e-16,2.135089906491659e-01,5.400659299563303e-01,1.937316523730833e-16,5.400659299563302e-01
0.99,29,1.750173356934726e-16,4.600024932844598e-16,2.224986820364086e-01,5.847989176827097e-01,3.550190426610875e-16,5.847989176827097e-01
0.99,30,2.087089182034596e-16,5.819858811482265e-16,2.268129096306939e-01,6.324689534279055e-01,6.106350664077058e-16,6.324689534279055e-01
0.99,31,2.238064334553203e-16,6.773635156855705e-16,2.265248758550111e-01,6.855910436999112e-01,6.111252386335144e-16,6.855910436999112e-01
0.99,32,2.514535888537006e-16,8.478503719284141e-16,2.217861346414229e-01,7.478177488001615e-01,9.024662921051080e-16,7.478177488001615e-01
0.99,33,3.548593710545056e-16,1.375792415070786e-15,2.128224768731882e-01,8.251143222415754e-01,1.484198124546837e-15,8.251143222415754e-01
0.99,34,4.419750156137159e-16,2.052471821757043e-15,1.999286014068123e-01,9.284412155763568e-01,2.122243427112120e-15,9.284412155763568e-01
0.99,35,4.984619488002107e-16,2.937024354351233e-15,1.834616728117413e-01,1.080988032155834e+00,2.800123488994996e-15,1.080988032155834e+00
0.99,36,5.227209724095738e-16,4.284055382073714e-15,1.638338870194130e-01,1.342730601024414e+00,4.214093377066945e-15,1.342730601024414e+00
0.99,37,5.541763879388095e-16,7.571114161695086e-15,1.415041836127106e-01,1.933219010781075e+00,7.683113180279152e-15,1.933219010781075e+00
0.99,38,5.742154934049518e-16,2.371135785751807e-14,1.169692582506704e-01,4.830068106076250e+00,2.374621416476019e-14,4.830068106076250e+00
0.99,39,5.862789366397475e-16,2.444396872980608e-14,9.075404049142583e-02,3.783845520002210e+00,2.445602581422177e-14,3.783845520002210e+00
0.99,40,5.872716592539295e-16,8.329223381298341e-15,6.340181087645666e-02,8.992224250012704e-01,8.321870322116118e-15,8.992224250012704e-01
0.99,41,5.571511676495666e-16,4.865843305545920e-15,3.546413645185435e-02,3.097237176567493e-01,4.882504592235029e-15,3.097237176567494e-01
0.99,42,5.209184862978167e-16,3.356707916780567e-15,7.490805864622579e-03,4.826944715966456e-02,3.398869204588276e-15,4.826944715966459e-02
0.99,43,5.293888157703597e-16,2.759269455544240e-15,1.998005622023008e-02,1.041396365133112e-01,2.754755735370658e-15,1.041396365133112e-01
0.99,44,5.418435882267869e-16,2.419999653719120e-15,4.643152032789062e-02,2.073739831135879e-01,2.499319912098298e-15,2.073739831135879e-01
0.99,45,5.498802368303357e-16,2.192452677062988e-15,7.137686183111817e-02,2.845899549037163e-01,2.213794778701396e-15,2.845899549037162e-01
0.99,46,5.806444734746119e-16,2.133442611320196e-15,9.436789277413821e-02,3.467327991259088e-01,2.127624920020953e-15,3.467327991259088e-01
0.99,47,6.072345317548189e-16,2.110794387232460e-15,1.150024732656057e-01,3.997575275987508e-01,2.177976070501745e-15,3.997575275987508e-01
0.99,48,5.981814436145649e-16,2.012852068995878e-15,1.329310760467859e-01,4.473067399714074e-01,2.063389374375480e-15,4.473067399714074e-01
0.99,49,6.332824889487831e-16,2.106695762228219e-15,1.478622962453831e-01,4.918829721796947e-01,2.118059757054499e-15,4.918829721796948e-01
0.99,50,7.073063922752310e-16,2.373449422344605e-15,1.595672185743498e-01,5.354464866804915e-01,2.335855788563372e-15,5.354464866804915e-01
